ID,Type,SKU,Name,Published,Is featured?,Visibility in catalog,Short description,Description,Date sale price starts,Date sale price ends,Tax status,Tax class,In stock?,In stock?,Low stock amount,Backorders allowed?,Sold individually?,Weight (kg),Length (cm),Width (cm),Height (cm),Allow customer reviews?,Purchase note,Sale price,Regular price,Categories,Tags,Shipping class,Images,Download limit,Download expiry days,Parent,Grouped products,Upsells,Cross-sells,External URL,Button text,Position,Meta: _wp_page_template,Meta: shopengine_product_views_count,Meta: ekit_post_views_count,Meta: _last_editor_used_jetpack,Meta: video_product,Meta: view_product,Meta: bwp_ids,Meta: _yoast_wpseo_content_score,Meta: _yoast_wpseo_estimated-reading-time-minutes,Meta: _yoast_wpseo_primary_product_brand
30661,simple,3880d3b45281,Aigner - Ladies Watch - 27mm,1,0,visible,,,,,none,,5,5,,0,0,,,,,0,,,275,"In Stock Available Immediately, Ladies, Watches",Women,,https://mnkwatches.store/wp-content/uploads/2022/03/a0a030_d00da5810af643d59a765bad9c1ba0f0mv2.jpg,,,,,,,,,0,default,4,14,,,,,,,
30663,simple,2c3c24b23129,Cerruti - Ladies Watch - 32mm,1,0,visible,,,,,none,,5,5,,0,0,,,,,0,,110,130,"Ladies, Watches",Women,,"https://mnkwatches.store/wp-content/uploads/2022/03/a0a030_0c478aee4c4a457aac66c1c48963b4d1mv2.jpg, https://mnkwatches.store/wp-content/uploads/2022/03/a0a030_f3f4527a535641008691004890415d15mv2.png",,,,,,,,,0,default,1,6,,,,,,,
30666,simple,11b6ffec2ce2,Cerruti - Ladies Watch - 30mm - Full Set,1,0,visible,,,,,none,,5,5,,0,0,,,,,0,,195,250,"Ladies, Watches",Women,,"https://mnkwatches.store/wp-content/uploads/2022/03/a0a030_c2836c9c7b2e401dad1207c350f8693amv2.jpg, https://mnkwatches.store/wp-content/uploads/2022/03/a0a030_4c2e1275187b43eaa9d59bcd7d6bb36dmv2.jpg, https://mnkwatches.store/wp-content/uploads/2022/03/a0a030_2e9d0be440564911baff57744e9330cfmv2-scaled.jpg, https://mnkwatches.store/wp-content/uploads/2022/03/a0a030_766b5480733146adb3e5213e506bb662mv2-scaled.jpg",,,,,,,,,0,default,,3,,,,,,,
30671,simple,04608d1676e0,Charriol - Ladies Watch - 28mm,1,0,hidden,,,,,none,,5,5,,0,0,,,,,0,,515,1040,"Ladies, Watches",Women,,"https://mnkwatches.store/wp-content/uploads/2022/03/a0a030_96a0ba4e4eb9463183473d64b6cdd75bmv2.jpg, https://mnkwatches.store/wp-content/uploads/2022/03/a0a030_4122ad2c0ba64e5badb8e990df3dae34mv2.jpg",,,,,,,,,0,default,,1,,,,,,,
30674,simple,a2b0305ae062,Charriol - Ladies Watch - 28mm,1,0,hidden,,,,,none,,5,5,,0,0,,,,,0,,840,1940,"Ladies, Watches",Women,,"https://mnkwatches.store/wp-content/uploads/2022/03/a0a030_71cc8092d05d4937abe61c765caab859mv2.jpg, https://mnkwatches.store/wp-content/uploads/2022/03/a0a030_2883710dfb78468192983edf90c41b0dmv2.jpg",,,,,,,,,0,default,,,,,,,,,
30677,simple,388be567698d,Citizen - Ladies Watch - 29mm,1,0,visible,,,,,none,,5,5,,0,0,,,,,0,,155,190,"Ladies, Watches",Women,,https://mnkwatches.store/wp-content/uploads/2022/03/a0a030_ec06155c76f8455792a1147faf8c810bmv2.jpg,,,,,,,,,0,default,1,1,,,,,,,
30679,simple,edb442ba3215,Aigner - Ladies Watch - 27mm,1,0,visible,,,,,none,,5,5,,0,0,,,,,0,,,275,"In Stock Available Immediately, Ladies, Watches",Women,,"https://mnkwatches.store/wp-content/uploads/2022/03/a0a030_5b2ca377d6a14073a0409369a7a407b8mv2.jpg, https://mnkwatches.store/wp-content/uploads/2022/03/a0a030_9a6b5b4c212f434ca318e27765948dc4mv2.jpg",,,,,,,,,0,default,2,9,,,,,,,
30682,simple,a8d7587b01fb,Rado - Ladies Watch - 28mm,1,0,visible,,,,,none,,5,5,,0,0,,,,,0,,345,480,"Ladies, Watches",Women,,https://mnkwatches.store/wp-content/uploads/2022/03/a0a030_bf2eb82cb0374036ae3b7bb1a387c51bmv2.jpg,,,,,,,,,0,default,1,1,,,,,,,
30684,simple,76a18c58ac4f,Rado - Ladies Watch - 38mm,1,0,visible,,,,,none,,5,5,,0,0,,,,,0,,345,480,"Ladies, Watches",Women,,https://mnkwatches.store/wp-content/uploads/2022/03/a0a030_c428cb3fdbba4e9392b18565cf7ca6c5mv2.jpg,,,,,,,,,0,default,,,,,,,,,
30686,simple,cb663c2491fe,Rado - Ladies Watch - 28mm,1,0,visible,,,,,none,,5,5,,0,0,,,,,0,,345,480,"Ladies, Watches",Women,,https://mnkwatches.store/wp-content/uploads/2022/03/a0a030_dfd4720486d341839f775864857ec239mv2.jpg,,,,,,,,,0,default,,,,,,,,,
30688,simple,47b74345ae47,Rado - Ladies Watch - 38mm,1,0,visible,,,,,none,,5,5,,0,0,,,,,0,,345,480,"Ladies, Watches",Women,,https://mnkwatches.store/wp-content/uploads/2022/03/a0a030_c474603d3c084f2cb2888538cedb80ccmv2.jpg,,,,,,,,,0,default,1,5,,,,,,,
30690,simple,e5745bcea80b,Rado - Ladies Watch - 28mm,1,0,visible,,,,,none,,5,5,,0,0,,,,,0,,345,480,"Ladies, Watches",Women,,https://mnkwatches.store/wp-content/uploads/2022/03/a0a030_aa829d6ce6b94b9e9c32ffbaa82f9c50mv2.jpg,,,,,,,,,0,default,2,2,,,,,,,
30692,simple,1cec76191930,Rado - Ladies Watch - 38mm,1,0,visible,,,,,none,,5,5,,0,0,,,,,0,,345,480,"Ladies, Watches",Women,,https://mnkwatches.store/wp-content/uploads/2022/03/a0a030_2b357b91478a44debdb1a7963c4bb4famv2.jpg,,,,,,,,,0,default,2,2,,,,,,,
30694,simple,467edad3cdcb,Rado - Ladies Watch - 28mm,1,0,visible,,,,,none,,5,5,,0,0,,,,,0,,325,465,"Ladies, Watches",Women,,https://mnkwatches.store/wp-content/uploads/2022/03/a0a030_815a2565401445e88be9ed714e2e46f5mv2.jpg,,,,,,,,,0,default,1,1,,,,,,,
30696,simple,45cc357988b2,Rado - Ladies Watch - 38mm,1,0,visible,,,,,none,,5,5,,0,0,,,,,0,,325,465,"Ladies, Watches",Women,,https://mnkwatches.store/wp-content/uploads/2022/03/a0a030_370cd69d12314ed3b31472b5d7b54fbemv2.jpg,,,,,,,,,0,default,,,,,,,,,
30698,simple,adf7ac803973,Rado - Ladies Watch - 28mm,1,0,visible,,,,,none,,5,5,,0,0,,,,,0,,310,450,"Ladies, Watches",Women,,https://mnkwatches.store/wp-content/uploads/2022/03/a0a030_5c76458c931346a785b5c2e923223f19mv2.jpg,,,,,,,,,0,default,1,1,,,,,,,
30700,simple,dcaf5cbae673,Rado - Ladies Watch - 38mm,1,0,visible,,,,,none,,5,5,,0,0,,,,,0,,310,450,"Ladies, Watches",Women,,https://mnkwatches.store/wp-content/uploads/2022/03/a0a030_d17d68ab59b84b41aac3b309a1deb478mv2.jpg,,,,,,,,,0,default,2,2,,,,,,,
30702,simple,16576de20353,Rado - Ladies Watch - 28mm,1,0,visible,,,,,none,,5,5,,0,0,,,,,0,,295,425,"Ladies, Watches",Women,,https://mnkwatches.store/wp-content/uploads/2022/03/a0a030_d0f2c8ad7d2e4fc982b90a87bbd223ecmv2.png,,,,,,,,,0,default,,,,,,,,,
30704,simple,60eb95b247c6,Rado - Ladies Watch - 38mm,1,0,visible,,,,,none,,5,5,,0,0,,,,,0,,295,425,"Ladies, Watches",Women,,https://mnkwatches.store/wp-content/uploads/2022/03/a0a030_8baa604991174866a9afd575256eb8c2mv2.jpg,,,,,,,,,0,default,1,1,classic-editor,,FALSE,,60,,
30706,simple,43b35a045e2b,Rado - Ladies Watch - 28mm,1,0,visible,,,,,none,,5,5,,0,0,,,,,0,,290,420,"Ladies, Watches",Women,,https://mnkwatches.store/wp-content/uploads/2022/03/a0a030_e3c942534723400a8c27c74c6c86bb0emv2.jpg,,,,,,,,,0,default,1,1,,,,,,,
30708,simple,c67708860cd6,Rado - Ladies Watch - 28mm,1,0,visible,,,,,none,,5,5,,0,0,,,,,0,,285,360,"Ladies, Watches",Women,,https://mnkwatches.store/wp-content/uploads/2022/03/a0a030_c94d0a18a8a747589ffc3d559dca9ec1mv2.jpg,,,,,,,,,0,default,1,2,,,,,,,
30710,simple,8b276e1b8e81,Rado - Ladies Watch - 28mm,1,0,visible,,,,,none,,5,5,,0,0,,,,,0,,290,420,"Ladies, Watches",Women,,https://mnkwatches.store/wp-content/uploads/2022/03/a0a030_edc3ee4b4e0a462786153eaad26ac004mv2.jpg,,,,,,,,,0,default,,2,,,,,,,
30712,simple,fd6fbe8d2b61,Rado - Ladies Watch - 38mm,1,0,visible,,,,,none,,5,5,,0,0,,,,,0,,290,420,"Ladies, Watches",Women,,https://mnkwatches.store/wp-content/uploads/2022/03/a0a030_850936941d324853a9edd9f28f713525mv2.jpg,,,,,,,,,0,default,,,,,,,,,
30714,simple,a67a149f46f0,Rado - Ladies Watch - 38mm,1,0,visible,,,,,none,,5,5,,0,0,,,,,0,,285,360,"Ladies, Watches",Women,,https://mnkwatches.store/wp-content/uploads/2022/03/a0a030_b62b098f66404188af7eca6c0680ec07mv2.jpg,,,,,,,,,0,default,,,,,,,,,
30716,simple,b0d84d1b58cc,Rado - Ladies Watch - 28mm,1,0,visible,,,,,none,,5,5,,0,0,,,,,0,,255,360,"Ladies, Watches",Women,,"https://mnkwatches.store/wp-content/uploads/2022/03/a0a030_b041491f317d4b1da19888c48b91c0dbmv2.jpg, https://mnkwatches.store/wp-content/uploads/2022/03/a0a030_99ede70b537a4adcbaea42ad1d7c75dbmv2.jpg",,,,,,,,,0,default,,,,,,,,,
30719,simple,ca07e7d12249,Rado - Men Watch - 38mm,1,0,visible,,,,,none,,5,5,,0,0,,,,,0,,255,360,"Men, Watches",Men,,"https://mnkwatches.store/wp-content/uploads/2022/03/a0a030_ff9f3e0d40ae4b1bacbe50121877d201mv2.jpg, https://mnkwatches.store/wp-content/uploads/2022/03/a0a030_711ba17d48444f9faeee2d1065447288mv2.jpg",,,,,,,,,0,default,,,,,,,,,
30722,simple,9f174648b7bf,Charriol - Ladies Watch - 30mm,1,0,hidden,,,,,none,,5,5,,0,0,,,,,0,,750,1150,"Ladies, Watches",Women,,https://mnkwatches.store/wp-content/uploads/2022/03/a0a030_3ebb06e13ac1463b8dd1e5887afc22cemv2.jpg,,,,,,,,,0,default,,,,,,,,,
30724,simple,fd712b281f5c,Charriol - Ladies Watch - 24.5mm,1,0,hidden,,,,,none,,5,5,,0,0,,,,,0,,650,850,"Ladies, Watches",Women,,https://mnkwatches.store/wp-content/uploads/2022/03/a0a030_cc2551bb6ad2450c82931076a9308860mv2.jpg,,,,,,,,,0,default,,,,,,,,,
30726,simple,569add7b26c5,Cartier - Ladies Watch - 30mm x 25mm,1,0,visible,,,,,none,,5,5,,0,0,,,,,0,,1315,1550,"In Stock Available Immediately, Ladies, Watches",Women,,"https://mnkwatches.store/wp-content/uploads/2022/03/a0a030_818b5857235f4d83a16158f01938264bmv2.jpg, https://mnkwatches.store/wp-content/uploads/2022/03/a0a030_087c2d53bd584361acbe11d3d07ea92dmv2.jpg, https://mnkwatches.store/wp-content/uploads/2022/03/a0a030_14915a63d02e42859750ef291956e6c3mv2.jpg",,,,,,,,,0,default,,,,,,,,,
30730,simple,550fa3ecb955,Charriol - Ladies Watch - 30mm,1,0,hidden,,,,,none,,5,5,,0,0,,,,,0,,540,835,"In Stock Available Immediately, Ladies, Watches",Women,,https://mnkwatches.store/wp-content/uploads/2022/03/a0a030_76c6cb558e7e4849b20f72a44a11ba58mv2.jpg,,,,,,,,,0,default,,,,,,,,,
30732,simple,eb69284a2323,Dior - Ladies Watch - 19mm,1,0,visible,,,,,none,,5,5,,0,0,,,,,0,,525,1620,"Ladies, Watches",Women,,"https://mnkwatches.store/wp-content/uploads/2022/03/a0a030_c88a3999073149abb5768bcce013802dmv2.jpg, https://mnkwatches.store/wp-content/uploads/2022/03/a0a030_9a0b4c4304af403391e442ec0c4332demv2.jpg",,,,,,,,,0,default,,,,,,,,,
30735,simple,83c18bfa1ac2,Dior - Ladies Watch - 19mm,1,0,visible,,,,,none,,5,5,,0,0,,,,,0,,575,1660,"Ladies, Watches",Women,,"https://mnkwatches.store/wp-content/uploads/2022/03/a0a030_2bbeae135b874924a4e014335bfc343cmv2.jpg, https://mnkwatches.store/wp-content/uploads/2022/03/a0a030_dc8fce7faead4d2f9d5b7214b4bc9e5dmv2.jpg",,,,,,,,,0,default,,,,,,,,,
30738,simple,488dbba1c475,Dior - Ladies Watch - 19mm,1,0,visible,,,,,none,,5,5,,0,0,,,,,0,,550,1640,"Ladies, Watches",Women,,"https://mnkwatches.store/wp-content/uploads/2022/03/a0a030_2d0a333b851b47689f2d408034951353mv2-1.jpg, https://mnkwatches.store/wp-content/uploads/2022/03/a0a030_a535257e21274a5bb15a133fe196c0b8mv2.jpg",,,,,,,,,0,default,,,,,,,,,
30742,simple,e29d094f3273,Dior - Ladies Watch - 19mm,1,0,visible,,,,,none,,5,5,,0,0,,,,,0,,550,1640,"Ladies, Watches",Women,,"https://mnkwatches.store/wp-content/uploads/2022/03/a0a030_cd400ca7c91c4a9db8b8524b191a29e6mv2.jpg, https://mnkwatches.store/wp-content/uploads/2022/03/a0a030_65565189a7d243a9961cfbed1e079332mv2.jpg",,,,,,,,,0,default,,,,,,,,,
30745,simple,ac91a4fd063a,Dior - Ladies Watch - 19mm,1,0,visible,,,,,none,,5,5,,0,0,,,,,0,,550,1640,"Ladies, Watches",Women,,"https://mnkwatches.store/wp-content/uploads/2022/03/a0a030_5d3f8a83a1444c34b44f66ea800b6edfmv2.jpg, https://mnkwatches.store/wp-content/uploads/2022/03/a0a030_7b40afe9518b46558a6a53ade92e1d06mv2.jpg",,,,,,,,,0,default,,,,,,,,,
30748,simple,7c05a14d2827,Aigner - Men Watch - 42x44mm,1,0,hidden,,,,,none,,5,5,,0,0,,,,,0,,210,300,"Men, Watches",Men,,https://mnkwatches.store/wp-content/uploads/2022/03/a0a030_eb826874c6f04a56bc99377e957af75dmv2.jpg,,,,,,,,,0,default,,2,,,,,,,
30750,simple,67ca7dff5e34,Aigner - Men Watch - 45mm,1,0,hidden,,,,,none,,5,5,,0,0,,,,,0,,260,510,"Men, Watches",Men,,https://mnkwatches.store/wp-content/uploads/2022/03/a0a030_b1552eaa458c443f8c5bf2a94227710bmv2.jpg,,,,,,,,,0,default,,2,,,,,,,
30752,simple,db09764934cc,Aigner - Ladies Watch - 32mm,1,0,hidden,,,,,none,,5,5,,0,0,,,,,0,,230,450,"Ladies, Watches",Women,,https://mnkwatches.store/wp-content/uploads/2022/03/a0a030_eda77171ede1401abddaca65610d233bmv2.jpg,,,,,,,,,0,default,,8,,,,,,,
30754,simple,01a3ba89a604,Aigner - Ladies Watch - 32mm,1,0,hidden,,,,,none,,5,5,,0,0,,,,,0,,180,300,"Ladies, Watches",Women,,https://mnkwatches.store/wp-content/uploads/2022/03/a0a030_bdb990d42c3b4b25a7ee6b2345056c7bmv2.jpg,,,,,,,,,0,default,,5,,,,,,,
30756,simple,53435a88c5e7,Aigner - Ladies Watch - 26.5mm x 29mm,1,0,hidden,,,,,none,,5,5,,0,0,,,,,0,,180,290,"Ladies, Watches",Women,,https://mnkwatches.store/wp-content/uploads/2022/03/a0a030_9c44c879e3f145e0b668dc68f243fea4mv2.jpg,,,,,,,,,0,default,1,30,,,,,,,
30758,simple,ba35e0c725be,Aigner - Ladies Watch - 36mm,1,0,hidden,,,,,none,,5,5,,0,0,,,,,0,,290,600,"Ladies, Watches",Women,,https://mnkwatches.store/wp-content/uploads/2022/03/a0a030_01d0d933acf646d1a47f78ce93755c0bmv2.jpg,,,,,,,,,0,default,,2,,,,,,,
30760,simple,90a828a552b3,Aigner - Ladies Watch - 34mm,1,0,hidden,,,,,none,,5,5,,0,0,,,,,0,,240,380,"Ladies, Watches",Women,,https://mnkwatches.store/wp-content/uploads/2022/03/a0a030_49e8148b8ca442c88fd6ec60c77aa007mv2.jpg,,,,,,,,,0,default,,,,,,,,,
30762,simple,48bf2dfa38ac,Aigner - Ladies Watch - 32mm,1,0,hidden,,,,,none,,5,5,,0,0,,,,,0,,185,510,"Ladies, Watches",Women,,https://mnkwatches.store/wp-content/uploads/2022/03/a0a030_6d9a5a19b5604fae8dddaa9d5b304964mv2.jpg,,,,,,,,,0,default,1,5,,,,,,,
30764,simple,44f7fd66f08f,Montblanc - Pen,1,0,visible,,,,,none,,5,5,,0,0,,,,,0,,95,127,"Ladies, Men, Pens",Unisex,,https://mnkwatches.store/wp-content/uploads/2022/03/a0a030_6e54201d610347988f85b69a7f602a60mv2.jpg,,,,,,,,,0,default,,,,,,,,,
30766,simple,901da7fe597b,Charriol - Ladies Watch - 30mm,1,0,hidden,,,,,none,,5,5,,0,0,,,,,0,,345,835,"Ladies, Watches",Women,,https://mnkwatches.store/wp-content/uploads/2022/03/a0a030_51857f86312f4a79b35863ef98f7450cmv2.jpg,,,,,,,,,0,default,,,,,,,,,
30769,simple,fb9f91ecbb8e,Rado - Ladies Watch - 28mm,1,0,visible,,,,,none,,5,5,,0,0,,,,,0,,335,395,"Ladies, Watches",Women,,https://mnkwatches.store/wp-content/uploads/2022/03/a0a030_c5da86d973554befa3dc2a1881a9c18amv2.jpg,,,,,,,,,0,default,,,,,,,,,
30771,simple,c7b4ba2a61dd,Rado - Ladies Watch - 28mm,1,0,visible,,,,,none,,5,5,,0,0,,,,,0,,195,310,"Ladies, Watches",Women,,"https://mnkwatches.store/wp-content/uploads/2022/03/a0a030_84021e2aa1194a028383ee7c10fda0camv2.jpg, https://mnkwatches.store/wp-content/uploads/2022/03/a0a030_4631d10682c64d9b970dbb509346d464mv2.jpg, https://mnkwatches.store/wp-content/uploads/2022/03/a0a030_e5c79564468641908f48eab84228d2a7mv2.jpg",,,,,,,,,0,default,,,,,,,,,
30775,simple,fd475f2df8a2,Rado - Ladies Watch - 27mm x 20mm,1,0,visible,,,,,none,,5,5,,0,0,,,,,0,,315,770,"Ladies, Watches",Women,,https://mnkwatches.store/wp-content/uploads/2022/03/a0a030_b8da0f20f06942fc9462325a09479b45mv2.jpg,,,,,,,,,0,default,,,,,,,,,
30777,simple,f92104f5a5cc,Rado - Ladies Watch - 27mm x 20mm,1,0,visible,,,,,none,,5,5,,0,0,,,,,0,,340,850,"Ladies, Watches",Women,,https://mnkwatches.store/wp-content/uploads/2022/03/a0a030_8582714012824fa2aa5c098ebb39088bmv2.jpg,,,,,,,,,0,default,,,,,,,,,
30779,simple,cb40c46cd5b5,Rado - Ladies Watch - 27mm,1,0,visible,,,,,none,,5,5,,0,0,,,,,0,,185,770,"Ladies, Watches",Women,,"https://mnkwatches.store/wp-content/uploads/2022/03/a0a030_7961f16e740a4c1abee6658de394869cmv2.jpg, https://mnkwatches.store/wp-content/uploads/2022/03/a0a030_b3a2847f900e44cd9b859a97d5b49103mv2.jpg",,,,,,,,,0,default,,,,,,,,,
30782,simple,5d65688c7482,Versace - Men Watch - 42mm,1,0,visible,,,,,none,,5,5,,0,0,,,,,0,,350,720,"Men, Watches",Men,,https://mnkwatches.store/wp-content/uploads/2022/03/a0a030_a7b37ae577dd4af8aab8168a85b0630dmv2.jpg,,,,,,,,,0,default,,,,,,,,,
30784,simple,6249bc8718a6,Dior - Ladies Watch - 36mm,1,0,visible,,,,,none,,5,5,,0,0,,,,,0,,3720,11000,"Ladies, Watches",Women,,"https://mnkwatches.store/wp-content/uploads/2022/03/a0a030_dff28faffd354365971496c69868bb1dmv2.jpg, https://mnkwatches.store/wp-content/uploads/2022/03/a0a030_f06a33020ca74c5fb5d9085c41435b3fmv2.jpg",,,,,,,,,0,default,,,,,,,,,
30787,simple,c5c48f2c9167,Dior - Ladies Watch - 36mm,1,0,visible,,,,,none,,5,5,,0,0,,,,,0,,3115,11425,"Ladies, Watches",Women,,https://mnkwatches.store/wp-content/uploads/2022/03/a0a030_c44103396efe435b8e13adac0701b9b1mv2.jpg,,,,,,,,,0,default,,,,,,,,,
30789,simple,213318920eaa,Dior - Ladies Watch - 36mm,1,0,visible,,,,,none,,5,5,,0,0,,,,,0,,2349,8335,"Ladies, Watches",Women,,https://mnkwatches.store/wp-content/uploads/2022/03/a0a030_dd331ed290404859873a987bf1537fadmv2.jpg,,,,,,,,,0,default,,,,,,,,,
30791,simple,5165d4817167,Dior - Ladies Watch - 36mm,1,0,visible,,,,,none,,5,5,,0,0,,,,,0,,2020,7720,"Ladies, Watches",Women,,https://mnkwatches.store/wp-content/uploads/2022/03/a0a030_652035a9a2184436bc9f9623c61aa5e3mv2.jpg,,,,,,,,,0,default,,,,,,,,,
30793,simple,e17fac2a8d95,Dior - Ladies Watch - 25mm,1,0,visible,,,,,none,,5,5,,0,0,,,,,0,,645,1700,"Ladies, Watches",Women,,"https://mnkwatches.store/wp-content/uploads/2022/03/a0a030_717ee1630ce9475ba4c7c22a9c976c07mv2.jpg, https://mnkwatches.store/wp-content/uploads/2022/03/a0a030_b46dae04ce564727be3e392f079b4374mv2.jpg",,,,,,,,,0,default,,,,,,,,,
30796,simple,d94bcabf78cc,Dior - Ladies Watch - 19mm,1,0,visible,,,,,none,,5,5,,0,0,,,,,0,,675,1585,"Ladies, Watches",Women,,https://mnkwatches.store/wp-content/uploads/2022/03/a0a030_eb618d7ce3f042b9b4ea35703084fb2bmv2.jpg,,,,,,,,,0,default,,,,,,,,,
30798,simple,1c80d3ac829a,Dior - Ladies Watch - 19mm,1,0,visible,,,,,none,,5,5,,0,0,,,,,0,,675,1585,"Ladies, Watches",Women,,https://mnkwatches.store/wp-content/uploads/2022/03/a0a030_4e185d9ad7304a3fb2a449664f22afd7mv2.jpg,,,,,,,,,0,default,,,,,,,,,
30800,simple,7b42340915e0,Cerruti - Ladies Watch -,1,0,visible,,,,,none,,5,5,,0,0,,,,,0,,130,180,"Ladies, Watches",Women,,https://mnkwatches.store/wp-content/uploads/2022/03/a0a030_7ab29188f9c141ebb065c79141c58787mv2.jpg,,,,,,,,,0,default,,,,,,,,,
30802,simple,8de294e84e3b,Cerruti - Ladies Watch -,1,0,visible,,,,,none,,5,5,,0,0,,,,,0,,130,180,"Ladies, Watches",Women,,"https://mnkwatches.store/wp-content/uploads/2022/03/a0a030_2bb55ee9510840a9aa14cb7e6f466016mv2.jpg, https://mnkwatches.store/wp-content/uploads/2022/03/a0a030_bc1a42bbf5cc472aa595b6fe34b673e7mv2.jpg",,,,,,,,,0,default,,,,,,,,,
30805,simple,6d6470f2cb07,Cerruti - Ladies Watch -,1,0,visible,,,,,none,,5,5,,0,0,,,,,0,,130,180,"Ladies, Watches",Women,,https://mnkwatches.store/wp-content/uploads/2022/03/a0a030_f19095ac104b4bf9bad67a4969b8715cmv2.jpg,,,,,,,,,0,default,,,,,,,,,
30807,simple,d82f67f3cb54,Swarovski - Ladies Watch - 35mm,1,0,visible,,,,,none,,5,5,,0,0,,,,,0,,110,160,"Ladies, Watches",Women,,"https://mnkwatches.store/wp-content/uploads/2022/03/a0a030_6374e8dca2d542f197a4e9973e775644mv2.jpg, https://mnkwatches.store/wp-content/uploads/2022/03/a0a030_81d4888cdba046c0b34078c4527e949dmv2.jpg",,,,,,,,,0,default,,,,,,,,,
30810,simple,158151839b7d,Rado - Unisex Watch - 37mm,1,0,visible,,,,,none,,5,5,,0,0,,,,,0,,270,540,"Ladies, Men, Watches",Unisex,,https://mnkwatches.store/wp-content/uploads/2022/03/a0a030_167bcb617b2f4bc1a81bd334697b05admv2.jpg,,,,,,,,,0,default,,,,,,,,,
30812,simple,9aa27ef24c40,Rado - Men Watch - 38mm,1,0,visible,,,,,none,,5,5,,0,0,,,,,0,,300,750,"Men, Watches",Men,,https://mnkwatches.store/wp-content/uploads/2022/03/a0a030_58a68987d6994bddb55c577dbbc3ea8amv2.jpg,,,,,,,,,0,default,,,,,,,,,
30814,simple,530ab6094da8,Rado - Men Watch - 37.7mm,1,0,visible,,,,,none,,5,5,,0,0,,,,,0,,280,500,"Men, Watches",Men,,https://mnkwatches.store/wp-content/uploads/2022/03/a0a030_3beba1d4bd0343f7a9e9b6a7420f4f22mv2.jpg,,,,,,,,,0,default,,,,,,,,,
30816,simple,77a0dcc7a04c,Rado - Men Watch - 40mm,1,0,visible,,,,,none,,5,5,,0,0,,,,,0,,270,580,"Men, Watches",Men,,https://mnkwatches.store/wp-content/uploads/2022/03/a0a030_3c9fe0ee93864a00b3ae312bdeec4848mv2.jpg,,,,,,,,,0,default,,,,,,,,,
30818,simple,aad4e612c6fd,Rado - Men Watch - 40mm,1,0,visible,,,,,none,,5,5,,0,0,,,,,0,,270,580,"Men, Watches",Men,,https://mnkwatches.store/wp-content/uploads/2022/03/a0a030_d0ec5266681d42f2b0742419d88b3bf8mv2.jpg,,,,,,,,,0,default,,,,,,,,,
30820,simple,d8e51a861463,Rado - Men Watch - 40mm,1,0,visible,,,,,none,,5,5,,0,0,,,,,0,,270,580,"Men, Watches",Men,,https://mnkwatches.store/wp-content/uploads/2022/03/a0a030_5b18964bdb2e4cd08c02c6ef82056458mv2.jpg,,,,,,,,,0,default,,,,,,,,,
30822,simple,d2b2359d5e04,Rado - Ladies Watch - 33mm,1,0,visible,,,,,none,,5,5,,0,0,,,,,0,,250,530,"Ladies, Watches",Women,,https://mnkwatches.store/wp-content/uploads/2022/03/a0a030_5df2e8f3cb494228809a4d16c9038b64mv2.jpg,,,,,,,,,0,default,,,,,,,,,
30824,simple,2ae34395438d,Rado - Unisex Watch - 37.7mm,1,0,visible,,,,,none,,5,5,,0,0,,,,,0,,280,500,"Ladies, Men, Watches",Unisex,,https://mnkwatches.store/wp-content/uploads/2022/03/a0a030_404906e5d4104696bab1d5aabb2f7369mv2.jpg,,,,,,,,,0,default,,,,,,,,,
30826,simple,eaf4ef6d2d9e,Rado - Ladies Watch - 32mm,1,0,visible,,,,,none,,5,5,,0,0,,,,,0,,300,500,"Ladies, Watches",Women,,"https://mnkwatches.store/wp-content/uploads/2022/03/a0a030_c480ff822e8e484f9bb33eb124b6f480mv2.jpg, https://mnkwatches.store/wp-content/uploads/2022/03/a0a030_3b9a16968c0c431aa7d2ee64c727b1ecmv2.jpg",,,,,,,,,0,default,,,,,,,,,
30829,simple,2dd931451acb,Rado - Unisex Watch - 37mm,1,0,visible,,,,,none,,5,5,,0,0,,,,,0,,280,850,"Ladies, Men, Watches",Unisex,,https://mnkwatches.store/wp-content/uploads/2022/03/a0a030_78f9063773414b66bcc467ca65f52d8amv2.jpg,,,,,,,,,0,default,,,,,,,,,
30831,simple,ca8f6e5f1818,Rado - Ladies Watch - 32mm,1,0,visible,,,,,none,,5,5,,0,0,,,,,0,,265,465,"Ladies, Watches",Women,,"https://mnkwatches.store/wp-content/uploads/2022/03/a0a030_9bad2f39c5c645a1bc2c51ad1c846315mv2.jpg, https://mnkwatches.store/wp-content/uploads/2022/03/a0a030_f2edd8ec5f9741d29f60da463fa238cdmv2.jpg",,,,,,,,,0,default,,,,,,,,,
30834,simple,17dbc64c78af,Rado - Ladies Watch - 28mm,1,0,visible,,,,,none,,5,5,,0,0,,,,,0,,180,310,"Ladies, Watches",Women,,https://mnkwatches.store/wp-content/uploads/2022/03/a0a030_321d70062cf74d10a5baabe0141236a4mv2.jpg,,,,,,,,,0,default,,,,,,,,,
30836,simple,dc96f46ed942,Rado - Ladies Watch - 27mm,1,0,visible,,,,,none,,5,5,,0,0,,,,,0,,180,310,"Ladies, Watches",Women,,https://mnkwatches.store/wp-content/uploads/2022/03/a0a030_92e3d4a1f16d485fb5e3995e0216af33mv2.jpg,,,,,,,,,0,default,,,,,,,,,
30838,simple,43538f1154df,Omega - Ladies Watch - 27mm,1,0,visible,,,,,none,,5,5,,0,0,,,,,0,,920,1050,"Ladies, Watches",Women,,"https://mnkwatches.store/wp-content/uploads/2022/03/a0a030_4645c59235cc46c39f86249109466186mv2.jpg, https://mnkwatches.store/wp-content/uploads/2022/03/a0a030_29120b52925b4292b2c95b4daad6c249mv2.jpg, https://mnkwatches.store/wp-content/uploads/2022/03/a0a030_4c0dc6859aa14dff8f4e866eb7b57ae0mv2.jpg",,,,,,,,,0,default,,,,,,,,,
30842,simple,f3c52900fbd5,Aigner - Ladies Watch - 32mm,1,0,hidden,,,,,none,,5,5,,0,0,,,,,0,,230,450,"Ladies, Watches",Women,,"https://mnkwatches.store/wp-content/uploads/2022/03/a0a030_ac4677f63f1d42c1a4192d1b23a621ebmv2.jpg, https://mnkwatches.store/wp-content/uploads/2022/03/a0a030_458e881ffcc046d7be69961409530404mv2.jpg",,,,,,,,,0,default,,10,,,,,,,
30845,simple,e7bc2203ed95,Aigner - Ladies Watch - 32mm,1,0,hidden,,,,,none,,5,5,,0,0,,,,,0,,230,450,"Ladies, Watches",Women,,"https://mnkwatches.store/wp-content/uploads/2022/03/a0a030_63def9e40f514b3782b493f46ad3b680mv2.jpg, https://mnkwatches.store/wp-content/uploads/2022/03/a0a030_3cdf0eb1eebc498991ef4141611d27c5mv2.jpg",,,,,,,,,0,default,1,8,,,,,,,
30848,simple,93398a062110,D1 Milano - Men Watch - 40mm,1,0,visible,,,,,none,,5,5,,0,0,,,,,0,,70,75,"Men, Watches",Men,,"https://mnkwatches.store/wp-content/uploads/2022/03/a0a030_ba52c325b6de4f2bbfe4582e1307011bmv2.jpg, https://mnkwatches.store/wp-content/uploads/2022/03/a0a030_91e46a8fa8524614b1139f9b1500a4d6mv2.jpg",,,,,,,,,0,default,,,,,,,,,
30851,simple,45b1e1c5aa7f,Christian Dior - Ladies Watch - 38mm,1,0,visible,,,,,none,,5,5,,0,0,,,,,0,,999.99,3700,"Ladies, Watches",Women,,"https://mnkwatches.store/wp-content/uploads/2022/03/a0a030_bfa5ec12b0b1442b8dd53dad7a439029mv2.jpg, https://mnkwatches.store/wp-content/uploads/2022/03/a0a030_e7664fee5ec54053a79480cdfcf0e54fmv2.jpg",,,,,,,,,0,default,,,,,,,,,
30854,simple,5f6ff592c5fe,Christian Dior - Ladies Watch - 19mm,1,0,visible,,,,,none,,5,5,,0,0,,,,,0,,500,1585,"Ladies, Watches",Women,,"https://mnkwatches.store/wp-content/uploads/2022/03/a0a030_56e58f9cc7404f0db5134f0825360db2mv2.jpg, https://mnkwatches.store/wp-content/uploads/2022/03/a0a030_379a7cd6459e43aca61a536af70d9407mv2.jpg",,,,,,,,,0,default,,,,,,,,,
30857,simple,f58b5ea402a7,Christian Dior - Ladies Watch - 19mm,1,0,visible,,,,,none,,5,5,,0,0,,,,,0,,570,1855,"Ladies, Watches",Women,,"https://mnkwatches.store/wp-content/uploads/2022/03/a0a030_69ce39db1f614f9c88e4e62548c0250emv2.jpg, https://mnkwatches.store/wp-content/uploads/2022/03/a0a030_0ba6dad8f0134eaa9b548c7889a53979mv2.jpg",,,,,,,,,0,default,,,,,,,,,
30860,simple,eb0b788e2074,Christian Dior - Ladies Watch - 19mm,1,0,visible,,,,,none,,5,5,,0,0,,,,,0,,530,1585,"Ladies, Watches",Women,,"https://mnkwatches.store/wp-content/uploads/2022/03/a0a030_3ab6a9b118184a2a95291b1a224deacamv2.jpg, https://mnkwatches.store/wp-content/uploads/2022/03/a0a030_68f49e86647f492684faa9f9efc1312fmv2.jpg",,,,,,,,,0,default,,,,,,,,,
30863,simple,7659ad44d8ae,Christian Dior - Ladies Watch - 19mm,1,0,visible,,,,,none,,5,5,,0,0,,,,,0,,530,1585,"Ladies, Watches",Women,,"https://mnkwatches.store/wp-content/uploads/2022/03/a0a030_e4047bbdb7004e47b1bef61126b42574mv2.jpg, https://mnkwatches.store/wp-content/uploads/2022/03/a0a030_22c23715ba6c49dba16d771420bf41a2mv2.jpg",,,,,,,,,0,default,,,,,,,,,
30866,simple,4c10c714dbc4,Aigner - Ladies Watch - 36mm,1,0,hidden,,,,,none,,5,5,,0,0,,,,,0,,190,290,"Ladies, Watches",Women,,"https://mnkwatches.store/wp-content/uploads/2022/03/a0a030_27d0f4c38d2a446c96dfb0ab2935d841mv2.jpg, https://mnkwatches.store/wp-content/uploads/2022/03/a0a030_87789dd783c0438dac1e1800536d61e1mv2-scaled.jpg",,,,,,,,,0,default,1,6,,,,,,,
30869,simple,fb808a19186b,Aigner - Ladies Watch - 36mm,1,0,hidden,,,,,none,,5,5,,0,0,,,,,0,,200,325,"Ladies, Watches",Women,,"https://mnkwatches.store/wp-content/uploads/2022/03/a0a030_36f1f21d8d7d4a40add7be489a9774a5mv2.jpg, https://mnkwatches.store/wp-content/uploads/2022/03/a0a030_1e909700d67148e6a18325f65c401b67mv2.jpg",,,,,,,,,0,default,,2,,,,,,,
30872,simple,758a41ad2046,Aigner - Ladies Watch - 25mm,1,0,hidden,,,,,none,,5,5,,0,0,,,,,0,,180,290,"Ladies, Watches",Women,,"https://mnkwatches.store/wp-content/uploads/2022/03/a0a030_9b24fcca844a42d1bc307c4b7c80d002mv2.jpg, https://mnkwatches.store/wp-content/uploads/2022/03/a0a030_5522eeeecd5440b7bf3941203b5e3e89mv2-scaled.jpg",,,,,,,,,0,default,7,34,,,,,,,
30875,simple,480e744cba62,Charriol - Ladies Watch - 30mm,1,0,hidden,,,,,none,,5,5,,0,0,,,,,0,,540,1410,"Ladies, Watches",Women,,https://mnkwatches.store/wp-content/uploads/2022/03/a0a030_6ffc6a3e947a4ed3a32b44930223a264mv2.jpg,,,,,,,,,0,default,,,,,,,,,
30877,simple,021dfe51a530,Charriol - Ladies Watch - 30mm,1,0,hidden,,,,,none,,5,5,,0,0,,,,,0,,540,1410,"Ladies, Watches",Women,,https://mnkwatches.store/wp-content/uploads/2022/03/a0a030_2b5c0f868206474693d8bda6d03b21b8mv2.jpg,,,,,,,,,0,default,,,,,,,,,
30879,simple,f071fc5e88b0,Omega - Ladies Watch - 27mm,1,0,visible,,,,,none,,5,5,,0,0,,,,,0,,3150,4030,"Ladies, Watches",Women,,https://mnkwatches.store/wp-content/uploads/2022/03/a0a030_5d4a6fd7fa5a43fdb4cc6bd0a4ec5d1cmv2.jpg,,,,,,,,,0,default,,,,,,,,,
30881,simple,f97e9d973745,Omega - Ladies Watch - 27mm,1,0,visible,,,,,none,,5,5,,0,0,,,,,0,,2660,3375,"Ladies, Watches",Women,,https://mnkwatches.store/wp-content/uploads/2022/03/a0a030_c199d22a2ff94b7e830e51f78cb90280mv2.jpg,,,,,,,,,0,default,,,,,,,,,
30883,simple,b75b8b504625,Omega - Ladies Watch - 27mm,1,0,visible,,,,,none,,5,5,,0,0,,,,,0,,3500,4440,"Ladies, Watches",Women,,https://mnkwatches.store/wp-content/uploads/2022/03/a0a030_8ac9d8ff04664599a8cdbc1facd13b66mv2.jpg,,,,,,,,,0,default,,,,,,,,,
30885,simple,8db01e956856,Omega - Ladies Watch - 27mm,1,0,visible,,,,,none,,5,5,,0,0,,,,,0,,2770,3465,"Ladies, Watches",Women,,https://mnkwatches.store/wp-content/uploads/2022/03/a0a030_a1ec87b904de49dfa78607192e860758mv2.jpg,,,,,,,,,0,default,,,,,,,,,
30887,simple,9a339591e562,Omega - Ladies Watch - 27mm,1,0,visible,,,,,none,,5,5,,0,0,,,,,0,,3950,5905,"Ladies, Watches",Women,,https://mnkwatches.store/wp-content/uploads/2022/03/a0a030_31617b16badb4bdcb58689369fc01036mv2.jpg,,,,,,,,,0,default,,,,,,,,,
30889,simple,6583295cef20,Omega - Ladies Watch - 27mm,1,0,visible,,,,,none,,5,5,,0,0,,,,,0,,1900,2280,"Ladies, Watches",Women,,https://mnkwatches.store/wp-content/uploads/2022/03/a0a030_114d2cf1697a4295b32f8d07897a3d93mv2.jpg,,,,,,,,,0,default,,,,,,,,,
30891,simple,826680f12e2e,Omega - Ladies Watch - 27mm,1,0,visible,,,,,none,,5,5,,0,0,,,,,0,,2251,2895,"Ladies, Watches",Women,,https://mnkwatches.store/wp-content/uploads/2022/03/a0a030_2b1e10d8fd4b44de88776f7022064c85mv2.jpg,,,,,,,,,0,default,,,,,,,,,
30893,simple,d6b89b4158bf,Versace - Ladies Watch - 35mm,1,0,visible,,,,,none,,5,5,,0,0,,,,,0,,240,490,"In Stock Available Immediately, Ladies, Watches",Women,,"https://mnkwatches.store/wp-content/uploads/2022/03/a0a030_11a3e2f272b4443ab0c768a82d916919mv2.jpg, https://mnkwatches.store/wp-content/uploads/2022/03/a0a030_d099d28b989e4748be09e18e99164b06mv2.jpg",,,,,,,,,0,default,,,,,,,,,
30896,simple,3b6c1f0914d0,Dior - Ladies Watch - 32mm,1,0,visible,,,,,none,,5,5,,0,0,,,,,0,,900,3050,"Ladies, Watches",Women,,"https://mnkwatches.store/wp-content/uploads/2022/03/a0a030_1b923c8242ed406b821fe48628a8b8b0mv2.jpg, https://mnkwatches.store/wp-content/uploads/2022/03/a0a030_9254673c94e048348cc7e0ab3521b8b0mv2.jpg",,,,,,,,,0,default,,,,,,,,,
30899,simple,f6ffd024aa3b,D1 Milano - Men Watch - 40mm,1,0,visible,,,,,none,,5,5,,0,0,,,,,0,,95,110,"Men, Watches",Men,,"https://mnkwatches.store/wp-content/uploads/2022/03/a0a030_24c4d28ab62f40a8b41a9af3f2715f39mv2.jpg, https://mnkwatches.store/wp-content/uploads/2022/03/a0a030_7692bdb24fe84348be29ebd91abf37a0mv2.jpg",,,,,,,,,0,default,,,,,,,,,
